Position,Company,Location,URL
full details of RESEARCH SCIENTIST/ ENGINEER 4,University of Washington,,https://www.indeed.com/pagead/clk?mo=r&ad=-6NYlbfkN0DOZrfh3_AlNEjJncVqoBLKlCe7l6xxI3zBw4XrjaGO5y2kcwnCVdqUgx7-BHUroRUx1wJUK4CfhdK5_wR1jRWR0M7zDR_kNS_bDYbCMlqDl8DYn13l2RsFfguV2RFXlWqR851VcWtedFj441XB1qF_kdovJXlmvISlCyLoVidUpj_URVlarSG7lQXW5GccydthmNKhzPl3ixBdtkKGIjRrNaDKKTWzbEYji5wXrXFkpM1lyDIjB4pv7q7kx20kXYqEJjHyvzCYB9uKyso324HpbEqmEM5J8eyyO8BLlbfM--84H0AAS8mzwxsx4kcfNWyZBptBEGGLKCUc8JOmDP4nIuzMy02x7EsH2eMSlyy1p-uabTSX-GUxzJDs4Rlx2hyyxarappmfSah4w_-_BFIHe7ATaB8eS8O81r7W32549unKPef7AvPeW08Oxpc3ZbOd1H13ko94kQIrwUlnO4rex7ZrZ599fD4UMtHbsZFAhcb2oY8AmIvE74YKpBgAQp4AxLuqw_JrdoF-6CKM8p1Xibbm5C2FUFH0nZNyWe5Q9hDa6L_TuZ3_-h8D0hfyo8uIDzDdl7BoIyaOnwmWco1xeGwyX6inlVg=&xkcb=SoDY-_M3LDtnLh25QJ0LbzkdCdPP&p=0&fvj=1&vjs=3
full details of information security engineer sr,Starbucks,,https://www.indeed.com/pagead/clk?mo=r&ad=-6NYlbfkN0BQv0ThAOWzDEa3X6WxQZUkcBaVfT8VfFvujX7cb-j-3lXk9WaKRj4NYmfcX-F8GRqyb5rvBJO_26utwde1MVfriZr_qvndCUoMA13o9ekWbQw84gkpih-Ui6ELsvGBqnMMDsKOUEr7KfRsi16VyGPgkYwijPbKRMrpCGlolS4x04Jy4apMFlXGNxvzwQzd8NFdxvz5v-TP-MqPV49IZ5lw5svlceaaUqn3Al1LgY4y1byK6fMKon0d_HUFKBR6RNHaI6McAYVwgC-WKNc57CmLRMvXyhJSfukoL8gTmZL66BoyGTS2izVMbDbE_BEXIiVWNBnHO_Z7ovDHsWKD_p0XDm_sZAQXVeWpIb-OOKYCQER3iIYvENNWkdQDf1G-Aqhkg4EJXJ5W7zElgKFRsni7r9Utb4N8cRBgO_PWjQHZjQXXCaxJ-WeAFxbAMQBAEeCL0zBdZxiryh6h3KpdLpAYb690ohEB_7sc2Ebr_aoh94QJCEq_JayDy0uQjFNRSkALckM3K68hhjoiHdFjOpXu&xkcb=SoBs-_M3LDtnLh25QJ0KbzkdCdPP&p=1&fvj=0&vjs=3
full details of Assistant Technology Teacher,Northlake Academy,,https://www.indeed.com/pagead/clk?mo=r&ad=-6NYlbfkN0AumDxtoJMnCYyg5rBF7WNPYm_cjwrxlJzjxxiVbzWPo167vP1CRh8ivIyI0pJ9Hl3NrANWWbVQUZfwcoQrslqqzdIkgKFpZkuk2tcAQKo_7SDXo7WCz1828YSHdVe_1L2SmgrcB_bvnX_tXmhg5fqmqtANgl2KmnN5LwRwrbx5DnJo3VYCM0w_FJAiAJOMjzHGIHPPJL4Qbdk0C49Q6ECvEhJo32p2PS1fXH0pz7IFQ7BDou4k9dJ6nqPPlbVN7GKJUKIxHQpPpIT1eSf7mnlBVZsnhWoBdRAt-7kIIqLQ74GQAWgMX06bG8H5IbSAI6oBv7EKK-MIfMQdl6x4put6OHP0BiH7asY3xnMEUszn8WRDtmVY5inVt5PUmQEMF0oRpmVMeePy64qidVKt2-QoXSYGBJbJoHVtvvhPutT8SwTTD8VxGEdF0C_9XVJ_HVWD0dAiWdBFpRUBFndkpkSPLc_PddszFqy_3gDQ-mNzBhGrLr6O0QGUuCZPpv3--w0OIyvHW546QEOI5UZPWSUq&xkcb=SoDx-_M3LDtnLh25QJ0JbzkdCdPP&p=2&fvj=1&vjs=3
full details of Machine Learning Engineer Graduate (TikTok Recommendation) - 2024 Start (BS/MS),TikTok,Seattle  WA,https://www.indeed.com/rc/clk?jk=6ab257c0e492e60c&fccid=caed318a9335aac0&vjs=3
full details of Research Assistant,The Mom Project,Redmond  WA,https://www.indeed.com/pagead/clk?mo=r&ad=-6NYlbfkN0BDp_epf89aHDQhKpPegNJQ_ldQpEFZQsM9OcONMGxWx6AdRWAS3kzSRzQwtMR8B3LpRBWx0ujoyE6Z4HAaEXP07kAAQtl8FUsanFabjkN76lWBbLr7mapEqgGwIBFS1HF1Kcdp7LMLB4KHJRPLLOvKytdv2cfs-QU82xQpU21kfWhSL39AbQ5FzaP4pjvOt5tgGv6eOampgSLzftxlDI1gEJyFDEsU9xfZNzcFP14cg2FU7v2SaXllzX6-ODQEYx0jT1hjstfI3y7qkNW1i-F09cfuCl5Ji3tPKzeNMia0CzSzWBZQR2yfIS2kRa9TQCN3tyNXDI_3ZI72kPhOs9h2iDpycdeIXKdqe_C70hn05bg-4QfrDX6lOZg2FSoNcFy41biNw657KCkYCWPyoPwwBc1xOUOHHjbHpUG5kLevege9EnE9roeidcoJrpWZLOrBuR8vGKo49rY-AwFNnya_SgF0_K8NIAK1Ms_2AgBzaFzp8kpaGKKvP1puptFF-whRRASEt2bcfkaHuL8bT8b46R3uuLq6nzrR1ifr2KDGgCwzZ9ZKjNtF28wagPn6gfFIxNlRvY88JGlUZgXsvKsDKBsi5txwGZp8brkbUQPmRZf_fir0xy0SDY_L-7xeycFSzyftMm4ahh4bkrxzg74M0CKEgHX8w6bGpimxKGU7zGCHP_W5Rc0scPVx1OJVV3g=&xkcb=SoDL-_M3LDtnLh25QJ0PbzkdCdPP&p=4&fvj=0&vjs=3
full details of Data Analyst - Tiktok Ads,TikTok,Seattle  WA,https://www.indeed.com/rc/clk?jk=ea2bf81d89f746f0&fccid=caed318a9335aac0&vjs=3
full details of PYTHON DEVELOPER,Pythonwise,Seattle  WA,https://www.indeed.com/rc/clk?jk=1a20a1c56fb7df73&fccid=fe0035950dcdac14&vjs=3
full details of RESEARCHER  MATHEMATICAL SCIENCES AND COMPUTATIONAL ALGORITHMS,University of Washington,Remote in Seattle  WA 98195,https://www.indeed.com/rc/clk?jk=cb5e1fc908ad2bff&fccid=142783ac2edbe56b&vjs=3
full details of Data /Software Engineers,Ars Quanta,Seattle  WA,https://www.indeed.com/rc/clk?jk=b2fcf701492b9d04&fccid=962b551e7e354052&vjs=3
full details of Research Assistant,PROLIM Corporation,,https://www.indeed.com/company/PROLIM-Corporation/jobs/Research-Assistant-4ebd20411a760b91?fccid=d1153069427db18d&vjs=3
full details of Software Engineer  TikTok Creator,TikTok,Seattle  WA,https://www.indeed.com/rc/clk?jk=05f938174d385344&fccid=caed318a9335aac0&vjs=3
full details of Strategy Analyst  GNE,TikTok,Seattle  WA,https://www.indeed.com/rc/clk?jk=bd0bef48fb0a8946&fccid=caed318a9335aac0&vjs=3
full details of COMPUTATIONAL DEMOGRAPHER,University of Washington,,https://www.indeed.com/rc/clk?jk=d8f97b1b7502b8b3&fccid=142783ac2edbe56b&vjs=3
full details of System Transients Methodology Engineer - Nuclear,System One,,https://www.indeed.com/pagead/clk?mo=r&ad=-6NYlbfkN0AXtvPDqDev6liskt-h_3vAUEMM26GmMOlWYCAn-kvNiZzopGGRoYPEKK3mXgjZYiplF0Zxx_o53x45sB6SoH_gv9E_GhTHrXnVTJNqFqGGc0zV7N3XshSKKr631m0w4EgP_8R_C9SlvgKpnuJGXZO_plphQtIwl_LjcaJ-1Fa1NnrtjYyaO1fHUykJXzWwzbiE5lMRFCKG8hFqeCbrZibf6jIax500yc30LsHVBwdPxbdJsvwyZ1kaMVkdba6B4XemV1JTQJXKBJfMf7gbzzSieKCnDFfy1JS95DG3ucPsp8iJcDONTS6oLOS8xw2r7tLO-7eyXFBfSS5o54fiwCzMJWjQtQBXdNjtNmC2SHfqtaIpvr9ZINU_Ww8oaAYGXHsT1gUDF16M3yQzdK-q-RTIhnZJIM1BlEaRXik5lHxJoTvcU_iwwtVjsNZ4jXj8Hh3wn3xQs8-Kyo3HOoOEqTsdbcOWr9aqIaXhE6wSTO_w5TRLsehGzPA_yJ0k_2vIc5uh3fuU0gm7s2A15bGCjqZ-vB2T3bFCQ1L4kcUTkp4Ht4tSZ6AX0oyGIgW5GPafWbxR0XpbTLIJ5BtGegspR_0xvufoV2sqhTUI1fQz9-rN58Wnt9PHX3fJLtCjnFmUnMIqREx270JpOvcmNDZngZ7uhPWOyF48Ui0zZPsUYDe6ng==&xkcb=SoAY-_M3LDtnLh25QJ0GbzkdCdPP&p=13&fvj=0&vjs=3
full details of Senior Software Engineer ($175K + Benefits!),Jarvis Recruitment Group,Remote in Seattle  WA,https://www.indeed.com/pagead/clk?mo=r&ad=-6NYlbfkN0BeqOXt1Ki4TgaqVzKgHyO684REiCAwMDt6QdkLJMyKFE4U8Gf44T3q6743LZi-2_qFKOmCHJ7q_QI4WBd1ZhVtEd726y2ky2PcM7aTL4mS5mwcFKj42gwPZwSg2aJYvvTaNYWSWCS45J-AMk8XwdtbcqMHdNUDfo3H1jW5DtcWI9Wmn_g0wHy-B_aYmc9qMPk5xdsq8i0RZtqL6e-All5COp-SCCde-BwRuFbBfSKop5FuYMx1kp5-_TfOx5vS-EaJB7Im8Npl7rGWtNjjxRHTM-7mAVerAbxisi9gR97MyF5uONTs0lFGbfN2-o69V99hdno8fGNpsg1OenzLnRjwbRQIWLI-9i6UUn4J2Ksu0MsCJ2ZFYC8QTGh0PhcqAfckJRVnZfc-_yi9eUcFIynBGvL-x8zrUc0PUXVih_1Wgc666cnJZ2hCdTlWIMcY8g5jw3Mx9cZG0NvCh3njoJQZRAPhkEwzseoy2DdYZ62CLWBdtEVmJOnMG3DlyCHw_IFmlu8Vvjqy2g1shdUoS7pnbgLH9I0Fe6HTRjDP4e0bCvlYLJ_pItP3Hu9-vgDErKs=&xkcb=SoCF-_M3LDtnLh25QJ0FbzkdCdPP&p=14&fvj=1&vjs=3
full details of Jr. Software Development Engineer,Amazon.com Services LLC,Seattle  WA,https://www.indeed.com/rc/clk?jk=6077c037efda65d1&fccid=fe2d21eef233e94a&vjs=3
full details of AI Research Engineer,Meta,,https://www.indeed.com/rc/clk?jk=4bbe33a2ea269ba8&fccid=ba07516c418dda52&vjs=3
full details of Software Engineer II,Microsoft,,https://www.indeed.com/rc/clk?jk=b410c28d876bf454&fccid=734cb5a01ee60f80&vjs=3
full details of Software Engineer (Back End),Aerostrat,Remote in Seattle  WA,https://www.indeed.com/rc/clk?jk=425446ea2e4c415a&fccid=4ead6c6af1db9f53&vjs=3
full details of Propulsion Engineer - All Levels,Gravitics,Hybrid remote in Seattle  WA,https://www.indeed.com/rc/clk?jk=3a815fa55f2a6b5c&fccid=dd616958bd9ddc12&vjs=3
full details of JavaScript/Web Application Engineer,OMNI Retail Group,Seattle  WA,https://www.indeed.com/rc/clk?jk=6d340faaff1f0bb3&fccid=525d11f389c5834d&vjs=3
full details of Machine Learning Engineer,Hive,Seattle  WA,https://www.indeed.com/company/Hive/jobs/Machine-Learning-Engineer-f348dba7d3b78719?fccid=5261110462a433d3&vjs=3
full details of Data Scientist - Tiktok Ads  Ads Measurement,TikTok,Seattle  WA,https://www.indeed.com/rc/clk?jk=49785c0898e9b699&fccid=caed318a9335aac0&vjs=3
full details of Sr. Data Engineer with strong Python,Leadstack Inc,Hybrid remote in Seattle  WA 98101,https://www.indeed.com/company/Leadstack-Inc/jobs/Data-Engineer-d52f2f2533ce8ce3?fccid=574eb9df68c13572&vjs=3
full details of Associate Data Engineer- Machine Learning,The Walt Disney Company (Corporate),Seattle  WA,https://www.indeed.com/rc/clk?jk=0f9cea4a85a8800b&fccid=4ed80f3a97849f22&vjs=3
full details of Software Engineer  Language - Reality Labs,Meta,,https://www.indeed.com/rc/clk?jk=0840804fc63e344f&fccid=ba07516c418dda52&vjs=3
full details of R&D Engineer - Navigation & Autonomy,Honeywell,Hybrid remote in Redmond  WA 98052,https://www.indeed.com/rc/clk?jk=fa35df8c69427f12&fccid=50208b5bf45ee3b8&vjs=3
full details of Network Software Development Engineer  SDN,TikTok,Seattle  WA,https://www.indeed.com/rc/clk?jk=8105ef2465f0581e&fccid=caed318a9335aac0&vjs=3
full details of Research Scientist  Multimodality,TikTok,Seattle  WA,https://www.indeed.com/rc/clk?jk=626838f27273468c&fccid=caed318a9335aac0&vjs=3
full details of Security Researcher,Microsoft,,https://www.indeed.com/rc/clk?jk=038ac8008148f6fd&fccid=734cb5a01ee60f80&vjs=3
full details of Engineering Lead  TikTok User Growth-Traffic Matrix,TikTok,Seattle  WA,https://www.indeed.com/rc/clk?jk=b440ff8c747d7500&fccid=caed318a9335aac0&vjs=3
full details of Consulting Software Developer (JoinOCI-SDE),Oracle,Seattle  WA,https://www.indeed.com/rc/clk?jk=b618581218c4e62d&fccid=cd22d01053af7669&vjs=3
full details of Software Engineer,eFinancial  LLC,,https://www.indeed.com/rc/clk?jk=7b1ed8c363bfa540&fccid=23a5450908aada80&vjs=3
full details of Data Analyst - TikTok Ecommerce Anti-Payment Fraud Solutions,TikTok,Seattle  WA,https://www.indeed.com/rc/clk?jk=14046a38d5499fd8&fccid=caed318a9335aac0&vjs=3
full details of Fisheries Spatial Modeler,IBSS Corporation,,https://www.indeed.com/rc/clk?jk=d7458050d5b37696&fccid=1d2cc0f3595f648e&vjs=3
full details of Software Engineer (Back End),Aerostrat,Remote in Seattle  WA,https://www.indeed.com/rc/clk?jk=425446ea2e4c415a&fccid=4ead6c6af1db9f53&vjs=3
full details of Strategy Analyst  GNE,TikTok,Seattle  WA,https://www.indeed.com/rc/clk?jk=bd0bef48fb0a8946&fccid=caed318a9335aac0&vjs=3
full details of Software Development Engineer - SRE Team,Remitly,Hybrid remote in Seattle  WA 98101,https://www.indeed.com/rc/clk?jk=a55c766dd1d33d7d&fccid=76d96f0d43e39574&vjs=3
full details of Engineering Manager  TikTok Feed Recommendations ML - USDS,TikTok,Seattle  WA,https://www.indeed.com/rc/clk?jk=c95b3dc4f18c46ab&fccid=caed318a9335aac0&vjs=3
full details of Backend Engineer  TikTok Playback Strategy Platform,TikTok,Seattle  WA,https://www.indeed.com/rc/clk?jk=af792d6bb4382f4a&fccid=caed318a9335aac0&vjs=3
full details of Applied Researcher,Microsoft,,https://www.indeed.com/rc/clk?jk=e8a72dcfed1acd7c&fccid=734cb5a01ee60f80&vjs=3
full details of Software Engineer II  Frontend,The Allen Institute for AI,Remote in Seattle  WA 98103,https://www.indeed.com/rc/clk?jk=0cd2af67904bcd3f&fccid=675c12bc7ffc102c&vjs=3
full details of Software Engineer II,Microsoft,,https://www.indeed.com/rc/clk?jk=b410c28d876bf454&fccid=734cb5a01ee60f80&vjs=3
full details of Associate - RP6999114,Goldman Sachs,Seattle  WA,https://www.indeed.com/rc/clk?jk=6d9a7653e9c67ada&fccid=16a97ed26c75bf2d&vjs=3
full details of Business Intelligence Engineer,Convoy,Seattle  WA,https://www.indeed.com/rc/clk?jk=2f6eb0704995cdbf&fccid=4514e98bb41669d2&vjs=3
full details of AI Research Engineer,Meta,,https://www.indeed.com/rc/clk?jk=4bbe33a2ea269ba8&fccid=ba07516c418dda52&vjs=3
full details of Software Development Engineering in Test,Opala,Hybrid remote in Seattle  WA,https://www.indeed.com/rc/clk?jk=65e948c378222bc1&fccid=3e16b9a8cd15fb14&vjs=3
full details of Systems Development Engineer  Amazon Meetings - Livestream,Amazon.com Services LLC,Seattle  WA,https://www.indeed.com/rc/clk?jk=563bbc0603d22afe&fccid=fe2d21eef233e94a&vjs=3
full details of Systems Engineer,Port of Seattle,,https://www.indeed.com/rc/clk?jk=7445c31a823957fc&fccid=6419832ebc7e2aad&vjs=3
full details of Software Development Engineer (Backend),4C Insights,Remote in Seattle  WA 98119,https://www.indeed.com/rc/clk?jk=88b63d535c1fb2ce&fccid=7f8f32670248a0ed&vjs=3
full details of Software Engineer,ANICCA DATA SCIENCE SOLUTIONS LLC,,https://www.indeed.com/rc/clk?jk=0598205700731b77&fccid=5766ecfb6473db3b&vjs=3
full details of Software Development/SQA Engineer,Alten Technology USA,,https://www.indeed.com/rc/clk?jk=4f82c65accf2af07&fccid=f452ff89851e4578&vjs=3
full details of Systems Engineer  Messaging and Collaboration,Okta,Remote in Seattle  WA,https://www.indeed.com/rc/clk?jk=e8eebd379fc2b400&fccid=4049a78a6232aa5c&vjs=3
full details of Senior Analytics Engineer,Flexport,Bellevue  WA,https://www.indeed.com/rc/clk?jk=6caab403c00f279b&fccid=ed6e804e3c0d17bc&vjs=3
full details of Engineer  Full Stack,AdaptX  Inc.,,https://www.indeed.com/rc/clk?jk=9362e8f26c2d7ac5&fccid=eaacdbcb8501fc2b&vjs=3
full details of Software Engineer  Language - Reality Labs,Meta,,https://www.indeed.com/rc/clk?jk=0840804fc63e344f&fccid=ba07516c418dda52&vjs=3
full details of Manual Tester,BiSoft,Redmond  WA,https://www.indeed.com/rc/clk?jk=a4efddc9c095717d&fccid=91475df3dbd4fa47&vjs=3
full details of Security Engineer,Nintendo,Hybrid remote in Redmond  WA,https://www.indeed.com/rc/clk?jk=8dedb39de18a7932&fccid=652ac4747cb152d3&vjs=3
full details of Principal Software Engineer - Clinical Data Warehouse,Truveta,Remote in Seattle  WA,https://www.indeed.com/rc/clk?jk=f3a430391b6396e9&fccid=1b66679555b56d1d&vjs=3
full details of Strategy & Analytics Associate  Commerce,TikTok,Hybrid remote in Seattle  WA,https://www.indeed.com/rc/clk?jk=73e18d93505e41c0&fccid=caed318a9335aac0&vjs=3
full details of Software Engineer  Language - Reality Labs,Meta,,https://www.indeed.com/rc/clk?jk=0840804fc63e344f&fccid=ba07516c418dda52&vjs=3
full details of Manual Tester,BiSoft,Redmond  WA,https://www.indeed.com/rc/clk?jk=a4efddc9c095717d&fccid=91475df3dbd4fa47&vjs=3
full details of Strategy & Analytics Associate  Commerce,TikTok,Hybrid remote in Seattle  WA,https://www.indeed.com/rc/clk?jk=73e18d93505e41c0&fccid=caed318a9335aac0&vjs=3
full details of Security Engineer,Nintendo,Hybrid remote in Redmond  WA,https://www.indeed.com/rc/clk?jk=8dedb39de18a7932&fccid=652ac4747cb152d3&vjs=3
full details of Principal Software Engineer - Clinical Data Warehouse,Truveta,Remote in Seattle  WA,https://www.indeed.com/rc/clk?jk=f3a430391b6396e9&fccid=1b66679555b56d1d&vjs=3
full details of Java,Innovative Edge Consulting,Seattle  WA,https://www.indeed.com/rc/clk?jk=060c2e166874c1d0&fccid=37fb9f925000e976&vjs=3
full details of Performance & Incentives System Solution and People Analytics - Seattle,TikTok,Seattle  WA,https://www.indeed.com/rc/clk?jk=5304f226377f90ef&fccid=caed318a9335aac0&vjs=3
full details of Data Engineer,Keystone Strategy,Seattle  WA,https://www.indeed.com/rc/clk?jk=832f4d484ead6987&fccid=17c8a85919e2efa8&vjs=3
full details of Senior Software Engineering Manager - Rapid Reuse Models,Bill & Melinda Gates Foundation,,https://www.indeed.com/rc/clk?jk=54dd5a1de864ff62&fccid=7819b4c0c1f502eb&vjs=3
full details of Bioinformatician II,Fred Hutchinson Cancer Center,Seattle  WA,https://www.indeed.com/rc/clk?jk=7c29dac3e1c62429&fccid=a513e92edbf529af&vjs=3
full details of Senior Full Stack Engineer (Front End focus) - lululemon Studio (Hybrid  Seattle),Lululemon,Hybrid remote in Seattle  WA,https://www.indeed.com/rc/clk?jk=65823003da4d7e5b&fccid=43f0f7dbd55927e9&vjs=3
full details of Associate Data Engineer- Machine Learning,The Walt Disney Company (Corporate),Seattle  WA,https://www.indeed.com/rc/clk?jk=0f9cea4a85a8800b&fccid=4ed80f3a97849f22&vjs=3
full details of Data Analyst,PiyaSol Consultancy Services,Redmond  WA,https://www.indeed.com/company/PiyaSol-Consultancy-Services/jobs/Data-Analyst-3d1317645991c920?fccid=0a00c985c34d6fbe&vjs=3
full details of Tech Lead  Quality Assurance Engineer (QA/SDET) - TikTok E-Commerce,TikTok,Seattle  WA,https://www.indeed.com/rc/clk?jk=0ecdfc79a4d5e289&fccid=caed318a9335aac0&vjs=3
full details of Marketing Data Analyst,Microsoft,,https://www.indeed.com/rc/clk?jk=8ff95468902eade6&fccid=734cb5a01ee60f80&vjs=3
Full-stack Python Developer ,Lemon.io,Latin America Only/Europe Only/UK Only/Canada Only,https://weworkremotely.com/remote-jobs/lemon-io-full-stack-python-developer-2
Senior Open Source Developer & DevOps (Python  Django  React  AWS/OpenStack),OpenCraft,Anywhere in the World,https://weworkremotely.com/remote-jobs/opencraft-senior-open-source-developer-devops-python-django-react-aws-openstack
Senior/Staff Software Engineer - Backend/Python - USA (100% Remote),Close,USA Only,https://weworkremotely.com/remote-jobs/close-senior-staff-software-engineer-backend-python-usa-100-remote
Senior Backend Python Engineer: Long-term job - 100% remote,Proxify AB,Latin America Only/Europe Only/EMEA Only,https://weworkremotely.com/remote-jobs/proxify-ab-senior-backend-python-engineer-long-term-job-100-remote
